{
  "version": "v2-manual",
  "bias": -2.1839526198044443,
  "caps": {
    "power_kw_max": 92.99999999999997,
    "n_connectors_max": 3.5999999999999943,
    "rating_max": 5.0
  },
  "weights": {
    "power_kw": 0.14748278054208466,
    "n_connectors": -0.7583751066419591,
    "has_fast_dc": 0.4967573740940913,
    "rating": 3.7823782529502807,
    "has_geo": -0.010076691351369143,
    "usage_score": -0.3046764421722547
  }
}