{
  "version": "v2-manual",
  "bias": -2.1839526198044443,
  "caps": {
    "power_kw_max": 92.99999999999997,
    "n_connectors_max": 3.5999999999999943,
    "rating_max": 5.0
  },
  "weights": {
    "power_kw": 0.14748278054207448,
    "n_connectors": -0.7583751066419787,
    "has_fast_dc": 0.49675737409408294,
    "rating": 3.7823782529502803,
    "has_geo": -0.010076691351369309,
    "usage_score": -0.30467644217221024
  }
}