{
  "version": "v2-manual",
  "bias": -2.1839526198046286,
  "caps": {
    "power_kw_max": 92.99999999999997,
    "n_connectors_max": 3.5999999999999943,
    "rating_max": 5.0
  },
  "weights": {
    "power_kw": 0.14748278054199457,
    "n_connectors": -0.7583751066419349,
    "has_fast_dc": 0.49675737409409265,
    "rating": 3.78237825295059,
    "has_geo": -0.010076691351399138,
    "usage_score": -0.3046764421722726
  }
}